county,total_sales,median_priceSF
Cherokee,2473,221.45224465200363
Clayton,1900,142.16431254700248
Cobb,7492,229.45363153304916
DeKalb,5704,204.69425375031784
Douglas,1032,184.17408674559212
Fayette,956,220.7798992418151
Forsyth,1875,260.8695652173913
Fulton,8040,271.51265326375494
Gwinnett,6192,192.9781157495421
Henry,2268,167.08887717656154
Rockdale,709,165.68679850347408
